center,area,orientation,poly,id,potential_output
"(11.72764048939234, 48.11425660236573)",2884.966466717422,False,"[(11.7272223, 48.1144978), (11.7273687, 48.1144678), (11.7273909, 48.1145163), (11.7280163, 48.1143883), (11.7279674, 48.1142816), (11.7281206, 48.1142503), (11.7281816, 48.1142651), (11.7280377, 48.113942), (11.7279397, 48.1140127), (11.7271174, 48.1141809), (11.7271818, 48.1143212), (11.7271448, 48.1143287), (11.7272223, 48.1144978)]",oberbayern-houses_0,238485.7529711957
"(12.917480202901304, 47.79616914078368)",1296.8058449272066,,"[(12.9172283, 47.7959339), (12.9174785, 47.7958717), (12.9175132, 47.796004), (12.9175709, 47.796131), (12.9176056, 47.7961855), (12.9177057, 47.7961622), (12.9177942, 47.7963152), (12.917433, 47.7964357), (12.9173307, 47.7962663), (12.9173554, 47.7962556), (12.9172283, 47.7959339)]",oberbayern-houses_729,189366.07350549533
"(11.582838400908516, 48.1627012946361)",909.2395337186754,,"[(11.5829085, 48.1624783), (11.5829827, 48.1627351), (11.5830269, 48.1628881), (11.5827666, 48.1629222), (11.5826506, 48.162516), (11.5829085, 48.1624783)]",oberbayern-houses_539,137783.88584089378
"(11.67132712088614, 48.05078271077867)",1663.8834340956528,False,"[(11.6710082, 48.0509931), (11.6710434, 48.0509326), (11.6712495, 48.0505782), (11.6712655, 48.0505508), (11.6712908, 48.0505072), (11.6713215, 48.0504542), (11.6714228, 48.0504804), (11.6714631, 48.0504909), (11.6714613, 48.0505709), (11.6716066, 48.0505723), (11.6715014, 48.050753), (11.6715882, 48.0507756), (11.6714592, 48.0509974), (11.6714199, 48.0509872), (11.6713805, 48.050977), (11.6713403, 48.0510461), (11.6712362, 48.0510191), (11.6712279, 48.0510333), (11.6712194, 48.051048), (11.6710082, 48.0509931)]",oberbayern-houses_40,137339.0185045478
"(11.700229778735313, 48.065002605021704)",736.8825958296002,,"[(11.699998, 48.0651194), (11.7000236, 48.0651194), (11.7000235, 48.0651343), (11.7001414, 48.0651343), (11.7001414, 48.0651162), (11.7001731, 48.0651162), (11.7001732, 48.0650479), (11.7002496, 48.0650479), (11.7002496, 48.0650583), (11.7002947, 48.0650583), (11.7002947, 48.0650969), (11.7004755, 48.0650969), (11.7004755, 48.0650184), (11.7004309, 48.0650184), (11.7004309, 48.065007), (11.700468, 48.065007), (11.7004681, 48.0649065), (11.7003042, 48.0649065), (11.7003042, 48.0649659), (11.7002738, 48.0649659), (11.7002738, 48.0648936), (11.7002854, 48.0648936), (11.7002854, 48.0648674), (11.7002126, 48.0648674), (11.7002125, 48.0648886), (11.7000561, 48.0648886), (11.7000561, 48.0649891), (11.7000937, 48.0649891), (11.7000936, 48.0650041), (11.6999595, 48.0650041), (11.6999595, 48.0650481), (11.6999981, 48.0650481), (11.699998, 48.0651194)]",oberbayern-houses_544,110587.65556912725
"(11.452116309417473, 48.10707043907211)",595.8286552913487,,"[(11.4519715, 48.1069051), (11.452137, 48.1069148), (11.4521189, 48.1070506), (11.4523606, 48.107065), (11.4523445, 48.1071851), (11.4519374, 48.107161), (11.4519715, 48.1069051)]",oberbayern-houses_19,90491.47702237358
"(11.683529485292548, 48.062403200794414)",593.2444398999214,,"[(11.6834903, 48.0622571), (11.6834062, 48.0623121), (11.6833569, 48.0622938), (11.68327, 48.0623765), (11.6836484, 48.0625545), (11.6836704, 48.0625313), (11.6836921, 48.0625365), (11.6837567, 48.062466), (11.6836998, 48.0624401), (11.6837406, 48.0624153), (11.6834903, 48.0622571)]",oberbayern-houses_179,89031.1593179807
"(11.7097088, 48.0589343)",583.6187762022018,,"[(11.7099171, 48.0590675), (11.7097452, 48.0591266), (11.7095005, 48.0588011), (11.7096724, 48.058742), (11.7099171, 48.0590675)]",oberbayern-houses_545,87455.27361389995
"(11.715318127679994, 48.03631305226684)",521.2425136622041,,"[(11.7155584, 48.0363625), (11.7151025, 48.0363995), (11.7150779, 48.0362636), (11.7155337, 48.0362266), (11.7155584, 48.0363625)]",oberbayern-houses_51,78049.55088949429
"(11.70353254885332, 47.881258176539404)",490.5144246071577,,"[(11.7032926, 47.8810603), (11.7033937, 47.8810208), (11.7037725, 47.881456), (11.7036713, 47.8814955), (11.7032926, 47.8810603)]",oberbayern-houses_763,73062.12354523613
"(11.692520907648912, 48.07222698989728)",477.6364887058735,,"[(11.6923617, 48.0723308), (11.6925327, 48.0723757), (11.6926113, 48.0722421), (11.692684, 48.0722612), (11.6927341, 48.0721761), (11.6924158, 48.0720925), (11.6923657, 48.0721776), (11.6924404, 48.0721972), (11.6923617, 48.0723308)]",oberbayern-houses_182,71735.03014751337
"(11.686491225422964, 48.06936823032895)",477.8664804175496,,"[(11.686252, 48.0693303), (11.6863642, 48.0692276), (11.6865721, 48.0693289), (11.6867304, 48.0694061), (11.6866182, 48.0695089), (11.686252, 48.0693303)]",oberbayern-houses_160,71715.81204866376
"(11.834406424892839, 48.38391488015049)",435.6912286771694,,"[(11.8342951, 48.3837969), (11.8345096, 48.3837914), (11.8345242, 48.3840304), (11.8342966, 48.3840361), (11.8342951, 48.3837969)]",oberbayern-houses_590,65631.43745985712
"(11.626831977348827, 48.17268490541681)",401.2177959363908,,"[(11.6267168, 48.1727844), (11.6267299, 48.1727774), (11.6266366, 48.1726994), (11.6269108, 48.1725534), (11.6270352, 48.1726574), (11.6269191, 48.1727192), (11.6268934, 48.1726977), (11.6268429, 48.1727246), (11.6268872, 48.1727615), (11.6267665, 48.1728258), (11.6267168, 48.1727844)]",oberbayern-houses_276,60754.404749667985
"(11.447147671080758, 48.81308154666388)",396.8750170581043,,"[(11.4470181, 48.8131795), (11.4469653, 48.8130319), (11.4472773, 48.8129836), (11.44733, 48.8131312), (11.4470181, 48.8131795)]",oberbayern-houses_910,58980.58847254752
"(12.857387708655628, 47.73875333801533)",398.893379223533,,"[(12.8575403, 47.7388456), (12.8575353, 47.7387553), (12.8574701, 47.7387569), (12.8574632, 47.7386325), (12.8572799, 47.7386372), (12.8572877, 47.7387778), (12.8572536, 47.7387786), (12.8572577, 47.7388527), (12.8575403, 47.7388456)]",oberbayern-houses_610,57306.02009270081
"(11.566196150000001, 48.276823900000004)",371.9146458208561,,"[(11.566143, 48.2769528), (11.5663876, 48.2767835), (11.5662493, 48.276695), (11.5660047, 48.2768643), (11.566143, 48.2769528)]",oberbayern-houses_724,56484.53683404252
"(11.446806600000002, 48.81349695)",375.8591423276812,,"[(11.4466815, 48.8135887), (11.4466576, 48.8134223), (11.4469317, 48.8134052), (11.4469556, 48.8135716), (11.4466815, 48.8135887)]",oberbayern-houses_488,55857.36678917252
"(11.677115028036747, 48.06880589484378)",371.3751188770984,,"[(11.677, 48.0689151), (11.677003, 48.0687501), (11.6770535, 48.0687505), (11.6770545, 48.0686922), (11.6772252, 48.0686936), (11.6772236, 48.0687825), (11.6772415, 48.0687826), (11.677241, 48.0688139), (11.6772266, 48.0688138), (11.6772161, 48.0688137), (11.6772152, 48.0688657), (11.6771862, 48.0688655), (11.6771853, 48.0689166), (11.677, 48.0689151)]",oberbayern-houses_165,55734.12096548054
"(11.67846628647577, 48.06899974258904)",364.9884309617337,,"[(11.6782788, 48.0690716), (11.6785944, 48.069065), (11.6785919, 48.0690117), (11.678651, 48.0690105), (11.6786471, 48.0689267), (11.6783423, 48.068933), (11.6783451, 48.0689934), (11.6782752, 48.0689949), (11.6782788, 48.0690716)]",oberbayern-houses_185,54775.63877658218
"(11.565931514802577, 48.27664730415191)",352.61481672525406,,"[(11.5658748, 48.2767737), (11.5661194, 48.2766052), (11.5659883, 48.2765209), (11.5657436, 48.2766894), (11.5658748, 48.2767737)]",oberbayern-houses_725,53553.37529014796
"(11.44684647243935, 48.813934746212084)",356.1277791671455,,"[(11.4470111, 48.813992), (11.4467146, 48.8140213), (11.4466818, 48.8138775), (11.4469784, 48.8138482), (11.4470111, 48.813992)]",oberbayern-houses_475,52925.03958147741
"(11.445694218609376, 48.81561357018356)",356.0030897371471,,"[(11.4458794, 48.8156486), (11.4455628, 48.8157064), (11.445509, 48.8155786), (11.4458256, 48.8155207), (11.4458794, 48.8156486)]",oberbayern-houses_465,52786.35813077548
"(11.565299, 48.27866025)",329.7787485420704,,"[(11.5653311, 48.278778), (11.5654752, 48.2786842), (11.5652669, 48.2785425), (11.5651228, 48.2786363), (11.5653311, 48.278778)]",oberbayern-houses_723,50122.24754403792
"(11.447983738949215, 48.816314228489894)",337.9967075921595,,"[(11.4478761, 48.816407), (11.4478457, 48.816241), (11.4480913, 48.8162214), (11.4481218, 48.8163875), (11.4478761, 48.816407)]",oberbayern-houses_429,50116.46181822746
"(11.598604869612535, 48.171336273730525)",327.143082825467,,"[(11.5984129, 48.1712569), (11.5985198, 48.1712014), (11.5986498, 48.1713129), (11.5986828, 48.1712958), (11.5987586, 48.1713608), (11.5987132, 48.1713843), (11.5988068, 48.1714645), (11.5987656, 48.1714859), (11.5986794, 48.1714119), (11.598626, 48.1714396), (11.5986114, 48.1714271), (11.598478, 48.1713127), (11.5984129, 48.1712569)]",oberbayern-houses_765,49574.4449136642
"(11.452185126163965, 48.81482775457746)",332.2956089805812,,"[(11.452058, 48.8149089), (11.4520423, 48.8147589), (11.4523122, 48.8147466), (11.452328, 48.8148966), (11.452058, 48.8149089)]",oberbayern-houses_418,49383.28118962662
"(11.574073675368908, 48.27583726052966)",325.1068883687258,,"[(11.5739835, 48.2758439), (11.5739299, 48.2757566), (11.5740983, 48.2757141), (11.5742168, 48.2759127), (11.5741254, 48.27594), (11.5740453, 48.275963), (11.5739835, 48.2758439)]",oberbayern-houses_89,49375.60867100023
"(11.447927649999999, 48.816784399999996)",329.15112084150314,,"[(11.4478059, 48.816885), (11.4477323, 48.8167803), (11.4480494, 48.8166838), (11.448123, 48.8167885), (11.4478059, 48.816885)]",oberbayern-houses_426,48804.88244277387
"(11.632877945749945, 48.1836310933511)",321.49102402850986,,"[(11.6328401, 48.1837691), (11.6329381, 48.1837336), (11.6328787, 48.1836609), (11.6330548, 48.183597), (11.6329866, 48.1835135), (11.6327126, 48.183613), (11.6327658, 48.1836781), (11.6328401, 48.1837691)]",oberbayern-houses_282,48645.6105733139
"(11.45789345, 48.813227700000006)",324.0636227889918,,"[(11.4577641, 48.8133042), (11.4577677, 48.8131487), (11.4580228, 48.8131512), (11.4580192, 48.8133067), (11.4577641, 48.8133042)]",oberbayern-houses_506,48159.90514172904
"(11.465801407386936, 48.1511943246822)",315.7444417607039,,"[(11.465712, 48.151299), (11.465896, 48.151297), (11.4658908, 48.1510896), (11.4657068, 48.1510917), (11.465712, 48.151299)]",oberbayern-houses_951,48060.25084150114
"(11.45049645, 48.81595110000001)",322.7493610866368,,"[(11.4504244, 48.8160591), (11.4503686, 48.8158685), (11.4505685, 48.8158431), (11.4506243, 48.8160337), (11.4504244, 48.8160591)]",oberbayern-houses_437,47855.661515121064
"(11.67892900142909, 48.06907980907146)",315.6585915302858,,"[(11.6788192, 48.0691658), (11.6788111, 48.0689987), (11.6790388, 48.0689938), (11.6790469, 48.0691609), (11.6789603, 48.0691628), (11.6788192, 48.0691658)]",oberbayern-houses_183,47372.46312390763
"(11.451668175616371, 48.812040355497885)",314.917270607315,,"[(11.451552, 48.8121231), (11.4515431, 48.8119635), (11.4517843, 48.8119576), (11.4517933, 48.8121172), (11.451552, 48.8121231)]",oberbayern-houses_206,46800.6428781296
"(11.445757378886446, 48.81365545281801)",312.2667910568416,,"[(11.4456274, 48.8137378), (11.4455872, 48.8136162), (11.4458873, 48.8135731), (11.4459276, 48.8136947), (11.4456274, 48.8137378)]",oberbayern-houses_479,46406.74848593487
"(11.701153937484682, 47.8972227144691)",311.1223468456301,,"[(11.7009904, 47.8973046), (11.7011144, 47.8973032), (11.7011136, 47.8972727), (11.7013068, 47.8972705), (11.7013038, 47.8971477), (11.7010693, 47.8971503), (11.7010709, 47.8972148), (11.7009882, 47.8972157), (11.7009904, 47.8973046)]",oberbayern-houses_731,46376.67482667674
"(11.449740573511443, 48.81323694382408)",311.7247510328889,,"[(11.4498642, 48.8133147), (11.4498414, 48.813146), (11.4496169, 48.8131592), (11.4496398, 48.8133279), (11.4498642, 48.8133147)]",oberbayern-houses_229,46326.1945628752
"(11.45022817179589, 48.81605984500787)",311.6521219983697,,"[(11.4501328, 48.8161527), (11.4500859, 48.8159983), (11.4503236, 48.815967), (11.4503704, 48.8161214), (11.4501328, 48.8161527)]",oberbayern-houses_436,46210.21838930826
"(11.6852166, 48.228080049999996)",304.5076267232653,,"[(11.6850966, 48.2281568), (11.6850996, 48.2280013), (11.6853366, 48.2280033), (11.6853336, 48.2281588), (11.6850966, 48.2281568)]",oberbayern-houses_987,46075.81026856408
"(11.449335572782841, 48.8162704450541)",310.4897047765553,,"[(11.4492282, 48.8163573), (11.449197, 48.8162055), (11.449443, 48.8161836), (11.4494741, 48.8163354), (11.4492282, 48.8163573)]",oberbayern-houses_433,46037.86097574374
"(11.446084699999998, 48.815285550000006)",305.9165196456015,,"[(11.4462399, 48.8153359), (11.4459638, 48.815367), (11.4459295, 48.8152352), (11.4462056, 48.8152041), (11.4462399, 48.8153359)]",oberbayern-houses_382,45359.77195045156
"(11.45589923924752, 48.814124670433785)",304.62269172957167,,"[(11.4557719, 48.8141974), (11.4560204, 48.8142019), (11.4560266, 48.8140519), (11.455778, 48.8140475), (11.4557719, 48.8141974)]",oberbayern-houses_493,45270.739774660964
"(11.454096849999996, 48.81529704999999)",303.8333221375942,,"[(11.4540051, 48.8153963), (11.4539215, 48.815284), (11.4541886, 48.8151978), (11.4542722, 48.8153101), (11.4540051, 48.8153963)]",oberbayern-houses_530,45050.88583995178
"(11.445891600000001, 48.81401535)",300.59966972470284,,"[(11.4457697, 48.8140975), (11.4457288, 48.8139741), (11.4460135, 48.8139332), (11.4460544, 48.8140566), (11.4457697, 48.8140975)]",oberbayern-houses_477,44672.868416962396
"(11.446926719333872, 48.814452597912606)",299.9452691823244,,"[(11.4467943, 48.8145409), (11.446768, 48.8144473), (11.4468852, 48.814433), (11.4468665, 48.8143665), (11.4470197, 48.8143478), (11.4470647, 48.814508), (11.4467943, 48.8145409)]",oberbayern-houses_463,44575.61631635818
"(11.44908024416235, 48.81321952889338)",299.22672516293824,,"[(11.4489552, 48.8132863), (11.4490668, 48.8133542), (11.44918, 48.8132581), (11.4491612, 48.8131055), (11.4490081, 48.813106), (11.4490153, 48.8132242), (11.4489552, 48.8132863)]",oberbayern-houses_230,44468.831693277156
"(11.701098354137077, 48.06338431592631)",294.3501029839972,,"[(11.7010069, 48.0634842), (11.7010088, 48.0633458), (11.7010253, 48.0633459), (11.7010263, 48.0632739), (11.7011719, 48.0632748), (11.701171, 48.0633419), (11.7011891, 48.063342), (11.7011871, 48.0634853), (11.7010069, 48.0634842)]",oberbayern-houses_79,44174.59170532338
"(11.446443100000002, 48.81523475000001)",296.58545457571745,,"[(11.4463433, 48.8153222), (11.4463056, 48.8151733), (11.4465429, 48.8151473), (11.4465806, 48.8152962), (11.4463433, 48.8153222)]",oberbayern-houses_378,43976.20827721451
"(11.44878252656821, 48.8136378039798)",295.30449785105884,,"[(11.4489271, 48.8136959), (11.4486562, 48.8137121), (11.448638, 48.8135797), (11.4489088, 48.8135635), (11.4489271, 48.8136959)]",oberbayern-houses_175,43885.93968689048
"(11.445889572120462, 48.81597294611703)",294.94678035750985,,"[(11.4460387, 48.8160246), (11.4457752, 48.8160544), (11.4457404, 48.8159213), (11.446004, 48.8158915), (11.4460387, 48.8160246)]",oberbayern-houses_466,43733.23385750977
"(11.657753495761071, 47.847804024953525)",291.76350790821016,,"[(11.6576031, 47.8478725), (11.6578092, 47.847902), (11.6578886, 47.8477248), (11.6577207, 47.8476964), (11.6576855, 47.8478016), (11.6576317, 47.847793), (11.6576031, 47.8478725)]",oberbayern-houses_867,43392.52771364855
"(11.679948520077701, 48.06928159672635)",288.9378508061491,True,"[(11.6798039, 48.0692986), (11.6798041, 48.0693421), (11.6800934, 48.0693416), (11.680093, 48.0692211), (11.6798036, 48.0692216), (11.6798039, 48.0692986)]",oberbayern-houses_184,43362.34795973282
"(11.447070696318862, 48.8151446372612)",291.9971279874444,,"[(11.4469369, 48.8152264), (11.4469178, 48.8151274), (11.4470322, 48.8151179), (11.4470208, 48.8150589), (11.4471719, 48.8150463), (11.4472023, 48.8152043), (11.4469369, 48.8152264)]",oberbayern-houses_376,43295.87415233832
"(11.451891600000002, 48.81773285000001)",291.8436482027173,,"[(11.4517969, 48.8178219), (11.4517479, 48.8176793), (11.4519863, 48.8176438), (11.4520353, 48.8177864), (11.4517969, 48.8178219)]",oberbayern-houses_870,43273.1169372579
"(11.4512416, 48.8157621)",290.83458956331015,,"[(11.4511751, 48.8158629), (11.4510771, 48.8157437), (11.4513081, 48.8156613), (11.4514061, 48.8157805), (11.4511751, 48.8158629)]",oberbayern-houses_533,43123.49876749981
"(11.451362900000001, 48.815286050000005)",290.5248463265598,,"[(11.4512513, 48.8153684), (11.4515139, 48.815334), (11.4514745, 48.8152037), (11.4512119, 48.8152381), (11.4512513, 48.8153684)]",oberbayern-houses_414,43077.57158907065
"(11.4515656, 48.815653299999994)",290.21712155640125,,"[(11.4514848, 48.8157497), (11.451403, 48.8156274), (11.4516464, 48.8155569), (11.4517282, 48.8156792), (11.4514848, 48.8157497)]",oberbayern-houses_534,43031.943698775394
"(11.448653199999999, 48.81520505)",289.5721103549004,,"[(11.4485451, 48.8152878), (11.4485084, 48.8151519), (11.4487613, 48.8151223), (11.448798, 48.8152582), (11.4485451, 48.8152878)]",oberbayern-houses_392,42936.304662872855
"(11.450985250000002, 48.81320545)",288.60252473922446,,"[(11.4508573, 48.8132757), (11.4508495, 48.8131419), (11.4511132, 48.8131352), (11.451121, 48.813269), (11.4508573, 48.8132757)]",oberbayern-houses_234,42889.94270780799
"(11.4490201, 48.8163156)",289.1506306156516,,"[(11.4489174, 48.8164013), (11.4488713, 48.8162674), (11.4491228, 48.8162299), (11.4491689, 48.8163638), (11.4489174, 48.8164013)]",oberbayern-houses_432,42873.809754535745
"(11.687160123349523, 48.06931448875798)",284.35722472984344,,"[(11.6870852, 48.0692079), (11.6873341, 48.069333), (11.687235, 48.0694211), (11.6869861, 48.0692959), (11.6869999, 48.0692837), (11.6870852, 48.0692079)]",oberbayern-houses_161,42674.91050133125
"(11.68059245, 48.069423900000004)",282.7594571746886,,"[(11.6804871, 48.0693436), (11.6804688, 48.0694916), (11.6806978, 48.0695042), (11.6807161, 48.0693562), (11.6804871, 48.0693436)]",oberbayern-houses_186,42435.12553549139
"(11.275473208079953, 48.184254595953284)",277.10473043005913,,"[(11.2755193, 48.1842446), (11.2755317, 48.1842203), (11.2755619, 48.1841607), (11.2754409, 48.1841335), (11.2753437, 48.1843253), (11.2754721, 48.1843542), (11.2754888, 48.1843214), (11.2755696, 48.1843396), (11.2756077, 48.1842645), (11.2755193, 48.1842446)]",oberbayern-houses_166,42272.32662710552
"(11.65657479207977, 48.0696807029591)",281.24474646919407,,"[(11.6567252, 48.0696273), (11.6564322, 48.0696185), (11.6564244, 48.0697341), (11.6565737, 48.0697386), (11.6567174, 48.0697429), (11.6567183, 48.0697291), (11.6567252, 48.0696273)]",oberbayern-houses_177,42271.08539431987
"(11.4740785, 48.73309809999999)",281.5863159894943,,"[(11.4741355, 48.7332014), (11.4742061, 48.7330274), (11.4740215, 48.7329948), (11.4739509, 48.7331688), (11.4741355, 48.7332014)]",oberbayern-houses_367,42037.31714828163
"(11.7054775, 47.88127645)",279.9333572583273,,"[(11.7053359, 47.8813383), (11.7056277, 47.8813297), (11.7056191, 47.8812146), (11.7053273, 47.8812232), (11.7053359, 47.8813383)]",oberbayern-houses_762,41696.073563627855
"(11.331486818883615, 48.776946447081194)",279.89647424966097,,"[(11.331642, 48.7769778), (11.3314142, 48.7770421), (11.3313316, 48.7769151), (11.3315595, 48.7768508), (11.331642, 48.7769778)]",oberbayern-houses_923,41690.579839487
"(11.70302966000318, 48.06316935817405)",505.2201270983787,False,"[(11.7028683, 48.0632747), (11.7029603, 48.0632793), (11.7029628, 48.0632565), (11.7030107, 48.0632589), (11.7030102, 48.0632634), (11.703048, 48.0632947), (11.7030758, 48.063279), (11.7031478, 48.0632826), (11.7031613, 48.0632725), (11.7031738, 48.0631613), (11.7031534, 48.0631385), (11.7031636, 48.0630477), (11.702987, 48.0630389), (11.7029806, 48.0630966), (11.7028888, 48.063092), (11.7028683, 48.0632747)]",oberbayern-houses_549,41670.24032049484
"(11.448167509675365, 48.81271232278672)",279.52816942706704,,"[(11.4480831, 48.8128043), (11.4480498, 48.8126379), (11.4482519, 48.8126203), (11.4482852, 48.8127868), (11.4480831, 48.8128043)]",oberbayern-houses_908,41541.38007898
"(11.444634050000003, 48.814522350000004)",279.26060508936644,,"[(11.4445387, 48.8146105), (11.4444791, 48.8144863), (11.4447294, 48.8144342), (11.444789, 48.8145584), (11.4445387, 48.8146105)]",oberbayern-houses_473,41501.61667384347
"(11.459383549999998, 48.81101820000001)",278.8365347199142,,"[(11.4594892, 48.8110996), (11.4592834, 48.8111026), (11.4592779, 48.8109368), (11.4594837, 48.8109338), (11.4594892, 48.8110996)]",oberbayern-houses_176,41438.59451606325
"(11.297754472791596, 48.09651073818029)",272.2402698881924,,"[(11.2975909, 48.0964926), (11.2977066, 48.0964182), (11.297761, 48.0964559), (11.2977972, 48.0964327), (11.2979177, 48.0965163), (11.2978186, 48.0965799), (11.2977658, 48.0966139), (11.2975909, 48.0964926)]",oberbayern-houses_340,41438.37208035649
"(11.449754561390424, 48.81353037326337)",275.4304830804467,,"[(11.4498749, 48.8136001), (11.4498503, 48.8134457), (11.4496342, 48.8134607), (11.4496588, 48.813615), (11.4498749, 48.8136001)]",oberbayern-houses_173,40932.41266679289
"(11.447403331253126, 48.81423395730562)",274.92388294357806,,"[(11.4473928, 48.8143406), (11.4473834, 48.8142907), (11.4473082, 48.8142968), (11.4472847, 48.8141715), (11.4473354, 48.8141674), (11.4473312, 48.8141449), (11.447473, 48.8141334), (11.44751, 48.8143311), (11.4473928, 48.8143406)]",oberbayern-houses_198,40857.125553952494
"(11.446823602573874, 48.81372132278259)",274.6652600541711,,"[(11.4466809, 48.8137833), (11.4469752, 48.8137733), (11.4469664, 48.8136594), (11.446672, 48.8136693), (11.4466809, 48.8137833)]",oberbayern-houses_824,40818.6909598005
"(11.455955224944201, 48.81356059416508)",273.4120138192666,,"[(11.4558463, 48.8136374), (11.4558455, 48.8134843), (11.4560642, 48.8134838), (11.4560649, 48.8136369), (11.4558463, 48.8136374)]",oberbayern-houses_509,40632.44290371575
"(11.454184050000002, 48.81424535)",272.0434735501185,,"[(11.4540629, 48.8143139), (11.4540649, 48.8141753), (11.4543052, 48.8141768), (11.4543032, 48.8143154), (11.4540629, 48.8143139)]",oberbayern-houses_489,40429.06071296698
"(11.445693295616435, 48.81339918391809)",271.7751345746219,,"[(11.4458354, 48.8134422), (11.4455704, 48.8134831), (11.4455365, 48.8133879), (11.4456593, 48.813369), (11.4456435, 48.8133246), (11.4457858, 48.8133026), (11.4458354, 48.8134422)]",oberbayern-houses_487,40389.182186971
"(11.451668, 48.8151966)",272.3042958639562,,"[(11.4515759, 48.8152822), (11.4515448, 48.8151301), (11.4517601, 48.815111), (11.4517912, 48.8152631), (11.4515759, 48.8152822)]",oberbayern-houses_415,40375.9194692281
"(11.743708598054168, 48.39937940235098)",267.3092174218036,,"[(11.7437546, 48.3993997), (11.7437874, 48.3992747), (11.7436557, 48.3992595), (11.7436311, 48.3993535), (11.7436135, 48.3994206), (11.7436031, 48.3994603), (11.7438017, 48.3994832), (11.7438071, 48.3994627), (11.7438216, 48.3994074), (11.7437546, 48.3993997)]",oberbayern-houses_18,40266.79223937694
"(11.451032878519074, 48.81194100425906)",269.5565026886761,,"[(11.4509379, 48.812025), (11.4508932, 48.8118908), (11.4511278, 48.811857), (11.4511726, 48.8119912), (11.4509379, 48.812025)]",oberbayern-houses_214,40059.46575582088
"(12.727192603305552, 48.15437290422939)",267.48249746859074,,"[(12.7271338, 48.1544719), (12.7270333, 48.1543662), (12.7272514, 48.1542739), (12.7273519, 48.1543796), (12.7272227, 48.1544343), (12.7271338, 48.1544719)]",oberbayern-houses_50,39811.426216981374
"(11.301512868585188, 48.331431947983525)",260.5730895623565,,"[(11.3014277, 48.3315215), (11.301669, 48.3314533), (11.3015981, 48.3313424), (11.3013567, 48.3314106), (11.3014277, 48.3315215)]",oberbayern-houses_614,39545.22350470712
"(11.446940158923445, 48.816453097709925)",265.24084883742034,,"[(11.446842, 48.8165346), (11.4468027, 48.8164018), (11.4470383, 48.8163716), (11.4470455, 48.8163958), (11.4470776, 48.8165044), (11.446842, 48.8165346)]",oberbayern-houses_423,39328.5868613685
"(11.45627400622486, 48.81383420485907)",264.58664605696686,,"[(11.456149, 48.8138986), (11.4563963, 48.8139008), (11.4563989, 48.8137697), (11.4561517, 48.8137677), (11.456149, 48.8138986)]",oberbayern-houses_499,39320.88293714098
"(11.278660306641218, 48.10151987904026)",256.6736587956548,,"[(11.2785461, 48.1016042), (11.2787863, 48.1015709), (11.2787415, 48.1014243), (11.2785833, 48.1014467), (11.2786062, 48.1015127), (11.2785187, 48.1015251), (11.2785461, 48.1016042)]",oberbayern-houses_23,39068.939289433605
"(11.456284700000001, 48.813489649999994)",262.34332258976065,,"[(11.45617, 48.8135596), (11.4561721, 48.8134183), (11.4563994, 48.8134197), (11.4563973, 48.813561), (11.45617, 48.8135596)]",oberbayern-houses_510,38987.4970283708
"(11.445300399999999, 48.814381250000004)",262.27875453978777,,"[(11.4452097, 48.814467), (11.4451516, 48.8143449), (11.4453911, 48.8142955), (11.4454492, 48.8144176), (11.4452097, 48.814467)]",oberbayern-houses_471,38977.90140904421
"(11.710798200000003, 48.05914204999999)",258.9768004119396,,"[(11.7107199, 48.059233), (11.7106442, 48.0591214), (11.7108765, 48.0590511), (11.7109522, 48.0591627), (11.7107199, 48.059233)]",oberbayern-houses_547,38807.67354172915
"(11.452256247517653, 48.106831126329794)",255.45982527849264,True,"[(11.4521085, 48.1067729), (11.4523737, 48.1067679), (11.4523793, 48.1068986), (11.4521778, 48.1069024), (11.4521753, 48.1068422), (11.4521115, 48.1068434), (11.4521085, 48.1067729)]",oberbayern-houses_20,38797.96096417107
"(11.24927685539668, 48.17551761714504)",253.43097434565425,,"[(11.2494706, 48.175535), (11.249459, 48.1754944), (11.2494474, 48.1754538), (11.249083, 48.1755003), (11.2491063, 48.1755814), (11.2492884, 48.1755582), (11.2494706, 48.175535)]",oberbayern-houses_366,38632.38415181567
"(11.701298750338854, 47.89745875327796)",259.14689725101925,,"[(11.7011387, 47.8975152), (11.7014345, 47.8975124), (11.701432, 47.8973943), (11.7012118, 47.8973964), (11.7012129, 47.8974462), (11.7011373, 47.8974469), (11.7011387, 47.8975152)]",oberbayern-houses_732,38629.08437148006
"(11.74429070154597, 48.172871469647006)",255.94921667966992,,"[(11.7442039, 48.1727861), (11.744153, 48.1729124), (11.7442976, 48.1729383), (11.7442932, 48.1729491), (11.7443706, 48.1729629), (11.7444258, 48.1728258), (11.7442039, 48.1727861)]",oberbayern-houses_16,38584.34441446024
"(11.475580172788474, 48.75143203935589)",258.4202579911798,,"[(11.4754263, 48.751458), (11.4754738, 48.7513376), (11.4755543, 48.7513514), (11.4755431, 48.7513797), (11.4756137, 48.7513918), (11.4757588, 48.7514167), (11.4757316, 48.7514855), (11.475649, 48.7514713), (11.4756301, 48.7515193), (11.4755502, 48.7515056), (11.4755599, 48.7514809), (11.4754263, 48.751458)]",oberbayern-houses_365,38520.76970681024
"(11.446875124403492, 48.815814573422344)",257.7501712003723,,"[(11.4467622, 48.815897), (11.4467324, 48.8157949), (11.4468552, 48.8157793), (11.4468406, 48.8157295), (11.4469584, 48.8157146), (11.4470027, 48.8158666), (11.4467622, 48.815897)]",oberbayern-houses_420,38217.9066347352
"(11.446550371546696, 48.81588224688175)",257.67238837108016,,"[(11.4467006, 48.815922), (11.4464342, 48.8159565), (11.4464001, 48.8158425), (11.4466666, 48.815808), (11.4467006, 48.815922)]",oberbayern-houses_419,38206.373385721905
"(11.3000204, 48.33318895000001)",251.65620359778404,,"[(11.2998557, 48.3332142), (11.300149, 48.3332619), (11.3001851, 48.3331637), (11.2998918, 48.333116), (11.2998557, 48.3332142)]",oberbayern-houses_673,38191.9745985087
"(11.45034505, 48.813517250000004)",256.49746238905936,,"[(11.4504691, 48.8135797), (11.4504635, 48.8134503), (11.450221, 48.8134548), (11.4502266, 48.8135842), (11.4504691, 48.8135797)]",oberbayern-houses_69,38118.72912929408
"(11.676707282668081, 48.22707374144584)",251.643531665206,,"[(11.6768132, 48.2271465), (11.6768637, 48.2270446), (11.6766187, 48.2269907), (11.6765681, 48.2270929), (11.676597, 48.2270993), (11.6765785, 48.2271368), (11.6766443, 48.2271513), (11.6766631, 48.2271135), (11.6768132, 48.2271465)]",oberbayern-houses_996,38076.81188509148
